<?xml version="1.0" encoding="UTF-8"?>
<beans:beans
	xmlns="http://www.springframework.org/schema/security"
	xmlns:beans="http://www.springframework.org/schema/beans"
	xmlns:xsi="http://www.w3.org/2001/XMLSchema-instance"
	xsi:schemaLocation="http://www.springframework.org/schema/beans
        https://www.springframework.org/schema/beans/spring-beans-3.0.xsd
        http://www.springframework.org/schema/security
        https://www.springframework.org/schema/security/spring-security.xsd">

	<authentication-manager>

		<authentication-provider>
			<jdbc-user-service data-source-ref="dataSource"
				users-by-username-query="select username,password,enabled from mydb.users where username=?"
				authorities-by-username-query="select username, authority from mydb.authorities where username=?" />
		</authentication-provider>
	</authentication-manager>
	<http auto-config="true" use-expressions="true">
		<intercept-url access="isAuthenticated()" pattern="/" />
		<form-login login-page="/login"
			authentication-failure-url="/login?error" />
	</http>
</beans:beans>

